{
  "timestamp": "2025-10-05 12:58:20",
  "status": "success",
  "iterations_per_example": 5,
  "total_examples": 20,
  "successful": 14,
  "failed": 6,
  "aggregate_statistics": {
    "speedup_average": 3.49268348435472,
    "speedup_median": 3.4276650155126207,
    "speedup_min": 3.357340380041189,
    "speedup_max": 3.7733606721982493,
    "speedup_std": 0.14480396195599346,
    "f2py_total_time": 19.40581817139464,
    "direct_c_total_time": 5.559459198001423,
    "overall_speedup": 3.490594584878123
  },
  "individual_results": [
    {
      "example": "strings",
      "status": "success",
      "f2py": {
        "times": [
          1.3924557459977223,
          1.4484286600054475,
          1.45439586599241,
          1.4548162800056161,
          1.4640898110083072
        ],
        "avg": 1.4428372726019005,
        "median": 1.45439586599241,
        "std": 0.028715544241426364,
        "min": 1.3924557459977223,
        "max": 1.4640898110083072
      },
      "direct_c": {
        "times": [
          0.3871904500119854,
          0.379845153001952,
          0.39016598199668806,
          0.37135649399715476,
          0.38410694799677003
        ],
        "avg": 0.38253300540091006,
        "median": 0.38410694799677003,
        "std": 0.00732411044067552,
        "min": 0.37135649399715476,
        "max": 0.39016598199668806
      },
      "speedup": {
        "avg": 3.77179812520948,
        "median": 3.7864346728886566
      }
    },
    {
      "example": "subroutine_args",
      "status": "success",
      "f2py": {
        "times": [
          1.3572687089908868,
          1.3222563589952188,
          1.3227091029984877,
          1.3751976070052478,
          1.2998912119946908
        ],
        "avg": 1.3354645979969064,
        "median": 1.3227091029984877,
        "std": 0.03023556384019395,
        "min": 1.2998912119946908,
        "max": 1.3751976070052478
      },
      "direct_c": {
        "times": [
          0.36979348299792036,
          0.3926373290014453,
          0.3856671770045068,
          0.3997566519974498,
          0.41268328700971324
        ],
        "avg": 0.3921075856022071,
        "median": 0.3926373290014453,
        "std": 0.015980819527942596,
        "min": 0.36979348299792036,
        "max": 0.41268328700971324
      },
      "speedup": {
        "avg": 3.4058626944078925,
        "median": 3.3687808195985833
      }
    },
    {
      "example": "elemental",
      "status": "failed",
      "f2py_times": [],
      "direct_c_times": [
        0.4109695529914461,
        0.35785680600383785,
        0.3789682390051894,
        0.3960040310048498,
        0.36928455100860447
      ],
      "error": "One or both modes failed to build"
    },
    {
      "example": "class_names",
      "status": "success",
      "f2py": {
        "times": [
          1.413762404001318,
          1.3683959519985365,
          1.3514385410089744,
          1.3697204000054626,
          1.3755058639944764
        ],
        "avg": 1.3757646322017536,
        "median": 1.3697204000054626,
        "std": 0.023056921554146362,
        "min": 1.3514385410089744,
        "max": 1.413762404001318
      },
      "direct_c": {
        "times": [
          0.416545774001861,
          0.4127953540009912,
          0.38754510899889283,
          0.3894823769951472,
          0.3878010619955603
        ],
        "avg": 0.39883393519849053,
        "median": 0.3894823769951472,
        "std": 0.01453653997417006,
        "min": 0.38754510899889283,
        "max": 0.416545774001861
      },
      "speedup": {
        "avg": 3.4494673366173494,
        "median": 3.5167711837768945
      }
    },
    {
      "example": "output_kind",
      "status": "success",
      "f2py": {
        "times": [
          1.3634246329893358,
          1.3510809869912919,
          1.407607254004688,
          1.4276276870077709,
          1.3908071710029617
        ],
        "avg": 1.3881095463992097,
        "median": 1.3908071710029617,
        "std": 0.031343182589712304,
        "min": 1.3510809869912919,
        "max": 1.4276276870077709
      },
      "direct_c": {
        "times": [
          0.3645788149879081,
          0.3663676339929225,
          0.41964947200904135,
          0.39665519299160223,
          0.3677540759963449
        ],
        "avg": 0.38300103799556384,
        "median": 0.3677540759963449,
        "std": 0.024382688242688532,
        "min": 0.3645788149879081,
        "max": 0.41964947200904135
      },
      "speedup": {
        "avg": 3.6242970871929794,
        "median": 3.7818946458578067
      }
    },
    {
      "example": "errorbinding",
      "status": "failed",
      "f2py_times": [],
      "direct_c_times": [],
      "error": "One or both modes failed to build"
    },
    {
      "example": "intent_out_size",
      "status": "success",
      "f2py": {
        "times": [
          1.351955493009882,
          1.3465590459964005,
          1.3451501249946887,
          1.3213510229979875,
          1.313987644010922
        ],
        "avg": 1.3358006662019761,
        "median": 1.3451501249946887,
        "std": 0.016946486881807856,
        "min": 1.313987644010922,
        "max": 1.351955493009882
      },
      "direct_c": {
        "times": [
          0.36927611399732996,
          0.40497277698887046,
          0.42012538400013,
          0.39859511199756525,
          0.3915757280046819
        ],
        "avg": 0.3969090229977155,
        "median": 0.39859511199756525,
        "std": 0.018700856518125183,
        "min": 0.36927611399732996,
        "max": 0.42012538400013
      },
      "speedup": {
        "avg": 3.3655084384656697,
        "median": 3.3747281000347673
      }
    },
    {
      "example": "derivedtypes",
      "status": "failed",
      "f2py_times": [],
      "direct_c_times": [],
      "error": "One or both modes failed to build"
    },
    {
      "example": "recursive_type",
      "status": "success",
      "f2py": {
        "times": [
          1.3099899450025987,
          1.320760362999863,
          1.3472220210096566,
          1.370307955003227,
          1.3490746840107022
        ],
        "avg": 1.3394709936052096,
        "median": 1.3472220210096566,
        "std": 0.02409588869418962,
        "min": 1.3099899450025987,
        "max": 1.370307955003227
      },
      "direct_c": {
        "times": [
          0.4002262050053105,
          0.4205323939968366,
          0.396725326005253,
          0.37943752099818084,
          0.3794344950001687
        ],
        "avg": 0.3952711882011499,
        "median": 0.396725326005253,
        "std": 0.017075575357592306,
        "min": 0.3794344950001687,
        "max": 0.4205323939968366
      },
      "speedup": {
        "avg": 3.388739259496862,
        "median": 3.395855854667111
      }
    },
    {
      "example": "interface",
      "status": "success",
      "f2py": {
        "times": [
          1.415694083989365,
          1.380909329993301,
          1.3560972009872785,
          1.3582553259911947,
          1.377837723994162
        ],
        "avg": 1.3777587329910603,
        "median": 1.377837723994162,
        "std": 0.02397200559906779,
        "min": 1.3560972009872785,
        "max": 1.415694083989365
      },
      "direct_c": {
        "times": [
          0.41548758900898974,
          0.40588761698745657,
          0.4053342159895692,
          0.41141073701146524,
          0.3908053150080377
        ],
        "avg": 0.4057850948011037,
        "median": 0.40588761698745657,
        "std": 0.009359405019593885,
        "min": 0.3908053150080377,
        "max": 0.41548758900898974
      },
      "speedup": {
        "avg": 3.395291622690999,
        "median": 3.3946286270584656
      }
    },
    {
      "example": "mockderivetype",
      "status": "failed",
      "f2py_times": [],
      "direct_c_times": [],